pdbid,anchor_class,anchor_dist,anchor1,anchor2
KRASC0102,7,18.46397481584071,182,189
KRASC0303,7,18.4487213920098,182,189
KRASC0304,7,18.47155732470871,182,189
KRASC0401,7,19.03454186472582,182,189
