pdbid,phi_1,psi_1,phi_2,psi_2,phi_3,psi_3,phi_4,psi_4,phi_5,psi_5,phi_6,psi_6,phi_7,psi_7,phi_8,psi_8,phi_9,psi_9
KRASC0102,0.0,147.7797948353309,-80.23648006256383,156.08694353243877,-64.59530241582048,158.00677303902026,-73.0479103603514,177.7445548488622,-87.19644831656963,126.6362418277959,-105.19322674435848,-161.1405548520761,-79.31739993472034,143.41379367111358,-64.50832009738633,152.54895406935117,-73.85173519946734,0.0
KRASC0303,0.0,146.14985921228683,-81.00812745963442,156.01396950531418,-64.6062804081004,163.7001424354493,-70.4460261763987,174.44922898073895,-93.86812846888974,124.42725892191771,-98.60524220935604,-157.9896199040883,-80.47599154581017,147.89152846317407,-65.92046080376997,151.90910429748095,-75.15171464968374,0.0
KRASC0304,0.0,146.2152682796963,-80.90551447097003,155.92055767100538,-64.67155201461917,163.6212660424214,-70.51464582156648,174.78639927735577,-94.27647834007352,124.57924831254081,-98.80204413779612,-157.71451948213362,-80.58320113854262,147.91138042358295,-66.1732571274915,151.8419795734387,-75.22985767423368,0.0
KRASC0401,0.0,148.25992780055725,-82.04787606248571,157.08015555234016,-68.55205208266666,161.61801197843923,-83.12057839203035,179.7732295842602,-81.20759124167775,131.7619386827061,-101.26620615145991,-159.05657105122046,-74.3748827678755,141.7404846126599,-65.86303624619497,150.04422953257554,-67.68412358354009,0.0
